"";"dates";"titles";"links"
"1";"11/12/2023";"Signature de la Convention financière État – Département de Mayotte";"/discours/signature-de-la-convention-financiere-etat-departement-de-mayotte"
"2";"30/11/2023";"Impact PME";"/discours/impact-pme"
"3";"27/11/2023";"Présentation de la Stratégie nationale biodiversité 2030";"/discours/presentation-de-la-strategie-nationale-biodiversite-2030"
"4";"23/11/2023";"Clôture du 105e Congrès des maires et présidents d'intercommunalités de France";"/discours/cloture-du-105e-congres-des-maires-et-presidents-dintercommunalites-de-france"
"5";"22/11/2023";"Signature des contrats de transition écologique  des 50 sites industriels les plus émetteurs de gaz à effet de serre";"/discours/signature-des-contrats-de-transition-ecologique-des-50-sites-industriels-les-plus-emetteurs-de-gaz-a-effet-de-serre"
"6";"21/11/2023";"Inauguration du bâtiment Simone Veil";"/discours/inauguration-du-batiment-simone-veil"
"7";"20/11/2023";"Introduction du Comité interministériel à l’enfance";"/discours/introduction-du-comite-interministeriel-a-lenfance"
"8";"16/11/2023";"Signature du contrat territorial pour le logement social";"/discours/signature-du-contrat-territorial-pour-le-logement-social"
"9";"14/11/2023";"Conférence de presse conjointe de la Première ministre  et du Premier ministre d’Irlande";"/discours/discours-de-mme-elisabeth-borne-premiere-ministre-conference-de-presse-conjointe-de-la-premiere-ministre-et-du-premier-ministre-dirlande"
"10";"14/11/2023";"Conférence « 225 ans d’aspiration à la République »";"/discours/discours-de-mme-elisabeth-borne-premiere-ministre-conference-225-ans-daspiration-a-la-republique"
"11";"10/11/2023";"Clôture des Assises nationales des départements de France";"/discours/cloture-des-assises-nationales-des-departements-de-france"
"12";"27/10/2023";"Conclusion du Comité interministériel des villes";"/discours/conclusion-du-comite-interministeriel-des-villes"
"13";"26/10/2023";"Pre´sentation aux maires des mesures du Gouvernement apre`s les e´meutes de l'e´te´ 2023";"/discours/presentation-aux-maires-des-mesures-du-gouvernement-apres-les-emeutes-de-lete-2023"
"14";"26/10/2023";"Cérémonie d'inauguration de l'école des drones de l'armée de Terre";"/discours/ceremonie-dinauguration-de-lecole-des-drones-de-larmee-de-terre"
"15";"23/10/2023";"Déclaration du Gouvernement sur la situation au Proche-Orient";"/discours/declaration-du-gouvernement-sur-la-situation-au-proche-orient"
"16";"16/10/2023";"Conclusion de la Conférence sociale";"/discours/discours-de-cloture-de-la-conference-sociale-par-elisabeth-borne-premiere-ministre"
"17";"11/10/2023";"Re´ponse de la Premie`re ministre aux questions d'actualite´ au Gouvernement sur les attaques terroristes ayant vise´ Israe¨l";"/discours/reponse-de-la-premiere-ministre-aux-questions-dactualite-au-gouvernement-sur-les-attaques-terroristes-ayant-vise-israel"
"18";"06/10/2023";"Inauguration du centre pénitentiaire de Caen-Ifs";"/discours/inauguration-du-centre-penitentiaire-de-caen-ifs"
"19";"28/09/2023";"Congrès des régions de France";"/discours/congres-des-regions-de-france"
"20";"27/09/2023";"Présentation du Plan interministériel de lutte contre le harcèlement à l’école";"/discours/presentation-du-plan-interministeriel-de-lutte-contre-le-harcelement-a-lecole"
"21";"21/09/2023";"Introduction du comité interministériel du handicap";"/discours/introduction-du-comite-interministeriel-du-handicap"
"22";"19/09/2023";"Présentation de la planification écologique aux membres du CNR";"/discours/presentation-de-la-planification-ecologique-aux-membres-du-conseil-national-de-la-refondation-cnr"
"23";"18/09/2023";"Réunion de présentation du Pacte des solidarités";"/discours/reunion-de-presentation-du-pacte-des-solidarites-aux-federations-et-associations-de-lutte-contre-la-pauvrete"
"24";"14/09/2023";"Clôture des journées parlementaires - groupes Renaissance et RDPI";"/discours/cloture-des-journees-parlementaires-des-groupes-renaissance-et-rdpi"
"25";"13/09/2023";"Allocution de rentrée à l’IHEDN";"/discours/allocution-de-rentree-a-linstitut-des-hautes-etudes-de-defense-nationale-ihedn"
"26";"08/09/2023";"Discours aux préfets";"/discours/discours-aux-prefets"
"27";"06/09/2023";"Rentrée du Conseil d’État";"/discours/rentree-du-conseil-detat"
"28";"06/09/2023";"Groupe de travail « Nickel » de Nouvelle-Calédonie";"/discours/accueil-des-delegations-politiques-et-des-membres-du-groupe-de-travail-nickel-de-nouvelle-caledonie"
"29";"30/08/2023";"Discours de clôture d'Élisabeth Borne à conférence des ambassadrices et ambassadeurs";"/discours/discours-de-cloture-delisabeth-borne-a-conference-des-ambassadrices-et-ambassadeurs"
"30";"19/06/2023";"Conclusion des Assises des finances publiques";"/discours/conclusion-des-assises-des-finances-publiques"
"31";"16/06/2023";"Présentation du plan France ruralités";"/discours/presentation-du-plan-france-ruralites"
"32";"01/06/2023";"CNR sur le service public de la petite enfance";"/discours/conclusion-du-conseil-national-de-la-refondation-sur-le-service-public-de-la-petite-enfance"
"33";"17/05/2023";"Rencontres des cadres dirigeants de l'État";"/discours/rencontres-des-cadres-dirigeants-de-letat"
"34";"09/05/2023";"7e Comité interministériel de la transformation publique";"/discours/7e-comite-interministeriel-de-la-transformation-publique"
"35";"26/04/2023";"Présentation de la feuille de route gouvernementale";"/discours/presentation-de-la-feuille-de-route-gouvernementale-et-de-lagenda-legislatif"
"36";"13/03/2023";"Cérémonie d’hommage à Mme Françoise Rudetzki";"/discours/ceremonie-dhommage-a-mme-francoise-rudetzki"
"37";"24/02/2023";"Présentation d’un plan d’avenir pour les transports";"/discours/discours-de-la-premiere-ministre-elisabeth-borne-remise-du-rapport-du-conseil-dorientation-des-infrastructures-coi-et-presentation-dun-plan-davenir-pour-les-transports"
"38";"20/02/2023";"Réponse à une motion de censure";"/discours/discours-de-la-premiere-ministre-elisabeth-borne-reponse-a-une-motion-de-censure"
"39";"13/02/2023";"37e dîner du Conseil représentatif des institutions juives";"/discours/discours-de-la-premiere-ministre-elisabeth-borne-37e-diner-du-conseil-representatif-des-institutions-juives-de-france"
"40";"10/02/2023";"Cérémonie de remise du Prix Irène Joliot-Curie";"/discours/discours-de-la-premiere-ministre-elisabeth-borne-ceremonie-de-remise-du-prix-irene-joliot-curie"
"41";"06/02/2023";"Centre international de recherche & innovation de Danone";"/discours/discours-de-la-premiere-ministre-elisabeth-borne-inauguration-du-centre-international-de-recherche-et-innovation-de-danone"
"42";"30/01/2023";"Présentation du plan de lutte contre le racisme";"/discours/discours-de-la-premiere-ministre-presentation-du-plan-de-lutte-contre-le-racisme-lantisemitisme-et-les-discriminations-liees-a-lorigine"
"43";"24/01/2023";"Vœux à la presse";"/discours/discours-de-la-premiere-ministre-elisabeth-borne-voeux-a-la-presse"
"44";"10/01/2023";"Pour nos retraites : justice, équilibre, progrès";"/discours/discours-de-la-premiere-ministre-elisabeth-borne-pour-nos-retraites-justice-equilibre-progres"
"45";"14/12/2022";"Débat sur la politique d’immigration au Sénat";"/discours/discours-de-la-premiere-ministre-elisabeth-borne-debat-sur-la-politique-dimmigration-au-senat"
"46";"09/12/2022";"Convention citoyenne sur la fin de vie";"/discours/discours-de-la-premiere-ministre-elisabeth-borne-convention-citoyenne-sur-la-fin-de-vie"
"47";"06/12/2022";"Débat sur la politique d’immigration";"/discours/discours-de-mme-elisabeth-borne-premiere-ministre-debat-sur-la-politique-dimmigration"
"48";"01/12/2022";"Contrat de plan État-Région Occitanie 2021-2027";"/discours/discours-de-la-premiere-ministre-elisabeth-borne-contrat-de-plan-etat-region-occitanie-2021-2027"
"49";"24/11/2022";"Clôture du 104ème Congrès des maires de France";"/discours/discours-de-la-premiere-ministre-elisabeth-borne-cloture-du-104eme-congres-des-maires-et-presidents-dintercommunalite-de-france"
"50";"17/11/2022";"Débat sur la politique énergétique de la France";"/discours/discours-de-la-premiere-ministre-elisabeth-borne-debat-sur-la-politique-energetique-de-la-france"
"51";"16/11/2022";"Discours de la Première ministre Élisabeth Borne - 50ème anniversaire de l’ouverture du concours de l’École polytechnique aux femmes";"/discours/discours-de-la-premiere-ministre-elisabeth-borne-50eme-anniversaire-de-louverture-du-concours-de-lecole-polytechnique-aux-femmes"
"52";"14/11/2022";"Convention des maires de la région Provence-Alpes-Côte d’Azur";"/discours/convention-des-maires-de-la-region-provence-alpes-cote-dazur"
"53";"02/11/2022";"Discours de la Première ministre Élisabeth Borne -  Engagement de la responsabilité du Gouvernement";"/discours/discours-de-la-premiere-ministre-elisabeth-borne-engagement-de-la-responsabilite-du-gouvernement"
"54";"01/11/2022";"Réponse du Gouvernement à deux motions de censure";"/discours/reponse-du-gouvernement-a-deux-motions-de-censure"
"55";"29/10/2022";"Portugal : discours d'Elisabeth Borne lors de la conférence de presse conjointe avec son homologue Antonio Costa";"/discours/portugal-discours-delisabeth-borne-lors-de-la-conference-de-presse-conjointe-avec-son-homologue-antonio-costa"
"56";"28/10/2022";"Discours de la Première ministre Élisabeth Borne - Convention des partenaires";"/discours/discours-de-la-premiere-ministre-elisabeth-borne-convention-des-partenaires"
"57";"27/10/2022";"Hausse des prix de l’énergie : des mesures pour accompagner les entreprises, les collectivités et les établissements publics";"/discours/hausse-des-prix-de-lenergie-des-mesures-pour-accompagner-les-entreprises-les-collectivites-et-les-etablissements-publics"
"58";"24/10/2022";"Discours de la Première ministre Élisabeth Borne -  Réponse du Gouvernement à une motion de censure";"/discours/discours-de-la-premiere-ministre-elisabeth-borne-reponse-du-gouvernement-a-une-motion-de-censure"
"59";"24/10/2022";"Discours de la Première ministre Élisabeth Borne - Réponse du Gouvernement à deux motions de censure";"/discours/discours-de-la-premiere-ministre-elisabeth-borne-reponse-du-gouvernement-a-deux-motions-de-censure"
"60";"21/10/2022";"Discours de la Première ministre Élisabeth Borne - Lancement de France nation verte";"/discours/discours-de-la-premiere-ministre-elisabeth-borne-lancement-de-france-nation-verte"
"61";"19/10/2022";"Discours de la Première ministre Élisabeth Borne - Engagement de la responsabilité du Gouvernement pour la première partie du projet de loi de finances 2023";"/discours/discours-de-la-premiere-ministre-elisabeth-borne-engagement-de-la-responsabilite-du-gouvernement-pour-la-premiere-partie-du-projet-de-loi-de-finances-2023"
"62";"15/10/2022";"91ème congrès de l’assemblée des départements de France";"/discours/discours-de-la-premiere-ministre-elisabeth-borne-au-91eme-congres-de-lassemblee-des-departements-de-france"
"63";"07/10/2022";"Discours de la Première ministre Élisabeth Borne à la 32ème Convention des intercommunalités de France";"/discours/discours-de-la-premiere-ministre-elisabeth-borne-a-la-32eme-convention-des-intercommunalites-de-france"
"64";"06/10/2022";"Discours de la Première ministre Élisabeth Borne : présentation du plan de sobriété";"/discours/discours-de-la-premiere-ministre-elisabeth-borne-presentation-du-plan-de-sobriete"
"65";"28/09/2022";"Discours de la  Première ministre Élisabeth Borne : présentation de la stratégie hydrogène";"/discours/presentation-de-la-strategie-hydrogene-discours-delisabeth-borne-premiere-ministre"
"66";"22/09/2022";"Conférence de presse sur la situation énergétique";"/discours/discours-de-la-premiere-ministre-elisabeth-borne-a-la-conference-de-presse-sur-la-situation-energetique"
"67";"19/09/2022";"Discours de la Première ministre Élisabeth Borne au  Congrès international d'astronautique";"/discours/discours-delisabeth-borne-premiere-ministre-au-congres-international-dastronautique"
"68";"16/09/2022";"Discours de la Première ministre Élisabeth Borne - 18ème congrès des Régions de France à Vichy";"/discours/discours-de-mme-elisabeth-borne-premiere-ministre-18eme-congres-des-regions-de-france-a-vichy"
"69";"14/09/2022";"Inauguration du séminaire de rentrée des auditeurs de l'IHEDN";"/discours/discours-de-mme-elisabeth-borne-premiere-ministre-inauguration-du-seminaire-de-rentree-des-auditeurs-de-linstitut-des-hautes-etudes-de-defense-nationale-ihedn"
"70";"14/09/2022";"Conférence de presse sur la situation énergétique";"/discours/discours-de-la-premiere-ministre-elisabeth-borne-conference-de-presse-sur-la-situation-energetique"
"71";"13/09/2022";"Réouverture du site Richelieu  Bibliothèque nationale de France";"/discours/discours-de-la-premiere-ministre-elisabeth-borne-reouverture-du-site-richelieu-bibliotheque-nationale-de-france"
"72";"07/09/2022";"Rentrée du Conseil d’État";"/discours/discours-de-la-premiere-ministre-elisabeth-borne-rentree-du-conseil-detat"
"73";"05/09/2022";"Conférence des ambassadrices et ambassadeurs";"/discours/discours-de-mme-elisabeth-borne-premiere-ministre-a-loccasion-de-la-conference-des-ambassadrices-et-ambassadeurs"
"74";"31/08/2022";"Séminaire gouvernemental";"/discours/declaration-de-la-premiere-ministre-elisabeth-borne-seminaire-gouvernemental"
"75";"29/08/2022";"Discours de la Première ministre Élisabeth Borne - Rencontre des entrepreneurs de France";"/discours/discours-de-la-premiere-ministre-elisabeth-borne-rencontre-des-entrepreneurs-de-france"
"76";"18/07/2022";"Discours de la Première ministre Élisabeth Borne - Déclaration de politique générale devant le Sénat";"/discours/discours-de-la-premiere-ministre-elisabeth-borne-declaration-de-politique-generale-devant-le-senat"
"77";"11/07/2022";"Examen de la motion de censure à l'Assemblée nationale";"/discours/declaration-de-mme-elisabeth-borne-examen-de-la-motion-de-censure-a-lassemblee-nationale"
"78";"17/03/2022";"Discours du Premier ministre Jean Castex - Usine Goodyear";"/discours/12746-discours-du-premier-ministre-jean-castex-usine-goodyear"
"79";"16/03/2022";"Discours du Premier ministre Jean Castex - Plan de résilience économique et sociale";"/discours/12743-discours-du-premier-ministre-jean-castex-plan-de-resilience-economique-et-sociale"
"80";"15/03/2022";"Discours du Premier ministre Jean Castex - Signature du CPER avec la région Bretagne";"/discours/12738-discours-de-m-jean-castex-premier-ministre-signature-du-cper-avec-la-region-bretagne"
"81";"14/03/2022";"Discours du Premier ministre Jean Castex - Centre hospitalier de Montauban";"/discours/12741-discours-du-premier-ministre-jean-castex-centre-hospitalier-de-montauban"
"82";"14/03/2022";"Discours du Premier ministre Jean Castex - Grand projet du Sud-Ouest (GPSO)";"/discours/12740-discours-du-premier-ministre-jean-castex-grand-projet-du-sud-ouest-gpso"
"83";"14/03/2022";"Discours du Premier ministre Jean Castex - Accélérer la transition écologique";"/discours/12739-discours-du-premier-ministre-jean-castex-accelerer-la-transition-ecologique"
"84";"11/03/2022";"Promouvoir l’industrie et le savoir-faire dans les territoires : discours de Jean Castex dans le Jura";"/discours/12735-discours-de-jean-castex-dans-le-jura"
"85";"08/03/2022";"Discours de Jean Castex : plan de lutte contre les maladies infectieuses";"/discours/12728-discours-de-jean-castex-plan-de-lutte-contre-les-maladies-infectieuses"
"86";"02/03/2022";"Discours du Premier ministre Jean Castex - Signature du contrat de sécurité intégrée à Alençon";"/discours/12723-discours-du-premier-ministre-jean-castex-signature-du-contrat-de-securite-integree-a-alencon"
"87";"01/03/2022";"Discours du Premier ministre Jean Castex - Déclaration du Gouvernement au titre de l’article 50-1 de la Constitution - Décision de la Russie de faire la guerre à l’Ukraine";"/discours/12721-discours-du-premier-ministre-jean-castex-declaration-du-gouvernement-relative-a-la-decision-de-la"
"88";"01/03/2022";"Discours du Premier ministre Jean Castex - Signature des premiers contrats d’engagement jeune";"/discours/12720-discours-du-premier-ministre-jean-castex-signature-des-premiers-contrats-d-engagement-jeune"
"89";"25/02/2022";"Discours de Jean Castex au 36ème dîner du Conseil représentatif des institutions juives de France";"/discours/12716-discours-de-jean-castex-au-36eme-diner-du-conseil-representatif-des-institutions-juives-de-france"
"90";"23/02/2022";"Discours du Premier ministre Jean Castex - Déclaration du Gouvernement relative à l'engagement de la France au Sahel au titre de l’article 50-1 de la Constitution (Sénat)";"/discours/12714-discours-du-premier-ministre-jean-castex-declaration-du-gouvernement-relative-a-l-engagement-de-la"
"91";"22/02/2022";"Discours du Premier ministre Jean Castex - Déclaration du Gouvernement relative à l'engagement de la France au Sahel au titre de l’article 50-1 de la Constitution (Assemblée nationale)";"/discours/12710-discours-du-premier-ministre-jean-castex-declaration-du-gouvernement-relative-a-l-engagement-de-la"
"92";"19/02/2022";"Discours du Premier ministre Jean Castex - Loi de programmation militaire";"/discours/12702-discours-du-premier-ministre-jean-castex-loi-de-programmation-militaire"
"93";"18/02/2022";"Discours du Premier ministre Jean Castex - Conférence des métiers de l’accompagnement social et médico-social";"/discours/12701-conference-des-metiers-de-l-accompagnement-social-et-medico-social"
"94";"18/02/2022";"Discours du Premier ministre Jean Castex - Signature du plan d’avenir pour Lourdes";"/discours/12695-discours-du-premier-ministre-jean-castex-signature-du-plan-d-avenir-pour-lourdes"
"95";"14/02/2022";"Discours du Premier ministre Jean Castex - Inauguration du contournement de Gimont dans le Gers";"/discours/12698-discours-du-premier-ministre-jean-castex-inauguration-du-contournement-de-gimont-dans-le-gers"
"96";"14/02/2022";"Discours du Premier ministre Jean Castex - Reconstruction du Centre hospitalier d’Auch";"/discours/12697-discours-du-premier-ministre-jean-castex-reconstruction-du-centre-hospitalier-d-auch"
"97";"14/02/2022";"Discours du Premier ministre Jean Castex - Cérémonie de remise du prix Ilan Halimi";"/discours/12683-discours-du-premier-ministre-jean-castex-ceremonie-de-remise-du-prix-ilan-halimi"
"98";"08/02/2022";"Discours du Premier ministre Jean Castex - Dîner annuel du Conseil de coordination des organisations arméniennes de France (CCAF)";"/discours/12677-discours-du-premier-ministre-jean-castex-diner-annuel-du-conseil-de-coordination-des-organisations"
"99";"07/02/2022";"Discours du Premier ministre Jean Castex - Égalité des Français devant le numérique";"/discours/12675-discours-du-premier-ministre-jean-castex-egalite-des-francais-devant-le-numerique"
"100";"05/02/2022";"Discours de Jean Castex, Premier ministre, dans l'Ariège, sur l'égalité Français devant le numérique";"/discours/12674-discours-de-jean-cadesstex-premier-ministre-dans-l-ariege-sur-l-egalite-francais-devant-le-numerique"
"101";"03/02/2022";"Comité Interministériel du Handicap - discours d'ouverture de Jean Castex";"/discours/12668-comite-interministeriel-du-handicap-discours-d-ouverture-de-jean-castex"
"102";"01/02/2022";"Discours du Premier ministre Jean Castex - Conclusion du Varenne agricole de l’eau et de l’adaptation au changement climatique";"/discours/12663-discours-du-premier-ministre-jean-castex-conclusion-du-varenne-agricole-de-l-eau-et-de-l-adaptation"
"103";"28/01/2022";"Discours du Premier ministre Jean Castex - Inauguration de l'Institut national du service public";"/discours/12655-discours-du-premier-ministre-jean-castex-inauguration-de-l-institut-national-du-service-public"
"104";"28/01/2022";"Commémoration de la libération du camp de concentration dAuschwitz-Birkenau - Discours de Jean Castex";"/discours/12653-commemoration-de-la-liberation-du-camp-de-concentration-dauschwitz-birkenau-discours-de-jean-castex"
"105";"21/01/2022";"Discours du Premier ministre Jean Castex - Pose de la première pierre du nouveau CHU de Nantes";"/discours/12646-discours-du-premier-ministre-jean-castex-pose-de-la-premiere-pierre-du-nouveau-chu-de-nantes"
"106";"20/01/2022";"Discours de Jean Castex - Conférence de presse sur les mesures contre la Covid-19";"/discours/12643-discours-de-jean-castex-conference-de-presse-sur-les-mesures-de-lutte-contre-la-covid-19"
"107";"18/01/2022";"Soutien aux professionnels du secteur de l’hôtellerie-cafés-restauration";"/discours/12639-soutien-aux-professionnels-du-secteur-de-l-hotellerie-cafes-restauration"
"108";"13/01/2022";"Discours de Jean Castex sur le prolongement de la ligne 4 du métro parisien";"/discours/12634-discours-de-jean-castex-sur-le-prolongement-de-la-ligne-4-du-metro-parisien"
"109";"11/01/2022";"Coupe du monde de Rugby à XII : discours de Jean Castex";"/discours/12627-coupe-du-monde-de-rugby-a-xii-discours-de-jean-castex-premier-ministre"
"110";"28/12/2021";"Discours du Premier ministre Jean Castex - Centre hospitalier intercommunal de Créteil";"/discours/12620-discours-du-premier-ministre-jean-castex-centre-hospitalier-intercommunal-de-creteil"
"111";"27/12/2021";"Déclaration du Premier ministre Jean Castex - Mesures contre la Covid-19";"/discours/12617-declaration-du-premier-ministre-jean-castex-mesures-contre-la-covid-19"
"112";"16/12/2021";"Discours du Premier ministre Jean Castex - Inauguration de la Cour administrative d’appel de Toulouse";"/discours/12610-discours-de-m-jean-castex-premier-ministre-inauguration-de-la-cour-administrative-d-appel"
"113";"16/12/2021";"Discours du Premier ministre Jean Castex - Conférence des présidents d'université";"/discours/12608-discours-du-premier-ministre-jean-castex-conference-des-presidents-d-universite"
"114";"15/12/2021";"Discours du Premier ministre Jean Castex - 60ème anniversaire du Centre national d’études spatiales";"/discours/12605-discours-du-premier-ministre-jean-castex-60eme-anniversaire-du-centre-national-d-etudes-spatiales"
"115";"15/12/2021";"Discours du Premier ministre Jean Castex devant l'Assemblée nationale, relatif au programme de la présidence française de l'Union européenne";"/discours/12603-discours-du-premier-ministre-jean-castex-devant-l-assemblee-nationale-relatif-au-programme-de-la"
"116";"14/12/2021";"Discours du Premier ministre Jean Castex - Inauguration de PariSanté Campus";"/discours/12600-discours-du-premier-ministre-jean-castex-inauguration-de-parisante-campus"
"117";"14/12/2021";"Discours du Premier ministre Jean Castex à l'école Ahmed Litim de Marseille";"/discours/12599-discours-du-premier-ministre-jean-castex-a-l-ecole-ahmed-litim-de-marseille"
"118";"14/12/2021";"Discours du Premier ministre Jean Castex à la tour la Marseillaise (siège de AMP Métropole à Marseille)";"/discours/12598-discours-du-premier-ministre-jean-castex-a-la-tour-la-marseillaise-siege-de-amp-metropole-a"
"119";"14/12/2021";"Discours du Premier ministre Jean Castex à l'hôpital de la Timone à Marseille";"/discours/12597-discours-du-premier-ministre-jean-castex-a-l-hopital-de-la-timone-a-marseille"
"120";"13/12/2021";"Discours du Premier ministre Jean Castex - Centre de vaccination du parc Chanot à Marseille";"/discours/12596-discours-du-premier-ministre-jean-castex-centre-de-vaccination-du-parc-chanot-a-marseille"
"121";"12/12/2021";"Discours du Premier ministre Jean Castex - Réouverture de la ligne Epinal – Saint-Dié-des-Vosges";"/discours/12591-discours-du-premier-ministre-jean-castex-reouverture-de-la-ligne-epinal-saint-die-des-vosges"
"122";"11/12/2021";"Discours de Jean Castex à l'occasion de l'inauguration du contournement ouest de Strasbourg";"/discours/12589-discours-de-jean-castex-a-l-occasion-de-l-inauguration-du-contournement-ouest-de-strasbourg"
"123";"11/12/2021";"Discours du Premier ministre Jean Castex - Inauguration du contournement ouest de Strasbourg";"/discours/12592-discours-du-premier-ministre-jean-castex-inauguration-du-contournement-ouest-de-strasbourg"
"124";"10/12/2021";"Discours du Premier ministre Jean Castex depuis la Résidence de France à Madrid";"/discours/12584-discours-de-jean-castex-premier-ministre-depuis-la-residence-de-france-a-madrid"
"125";"06/12/2021";"Discours du Premier ministre Jean Castex - Conférence de presse sur les mesures contre la Covid 19";"/discours/12575-discours-du-premier-ministre-jean-castex-conference-de-presse-sur-les-mesures-contre-la-covid-19"
"126";"03/12/2021";"Discours du Premier ministre Jean Castex - Assemblée des départements de France";"/discours/12579-discours-du-premier-ministre-jean-castex-assemblee-des-departements-de-france"
"127";"03/12/2021";"Discours de clôture de la cérémonie des 80 ans de l’Agence française de développement";"/discours/12568-cloture-de-la-ceremonie-des-80-ans-de-l-agence-francaise-de-developpement"
"128";"02/12/2021";"Discours du Premier ministre Jean Castex à Angoulême";"/discours/12566-discours-du-premier-ministre-jean-castex-a-angouleme"
"129";"02/12/2021";"Discours du Premier ministre Jean Castex - Honneurs militaires rendus au Général Gudin";"/discours/12572-discours-du-premier-ministre-jean-castex-honneurs-militaires-rendus-au-general-gudin"
"130";"22/11/2021";"Déclaration du Premier ministre Jean Castex - Point sur la situation en Guadeloupe";"/discours/12549-declaration-du-premier-ministre-jean-castex-point-sur-la-situation-en-guadeloupe"
"131";"22/11/2021";"Discours du Premier ministre Jean Castex - Conférence de presse avec Alexander De Croo, Premier ministre du Royaume de Belgique";"/discours/12547-discours-du-premier-ministre-jean-castex-conference-de-presse-avec-alexander-de-croo-premier"
"132";"20/11/2021";"Discours du Premier ministre Jean Castex - Présentation du plan Destination France";"/discours/12544-discours-du-premier-ministre-jean-castex-presentation-du-plan-destination-france"
"133";"15/11/2021";"Discours du Premier ministre Jean Castex - Comité interministériel aux Jeux olympiques et paralympiques de Paris 2024";"/discours/12540-discours-du-premier-ministre-jean-castex-comite-interministeriel-aux-jeux-olympiques-et"
"134";"14/11/2021";"Discours du Premier ministre Jean Castex - 11ème Convention nationale du Conseil représentatif des institutions juives de France";"/discours/12537-discours-du-premier-ministre-jean-castex-11eme-convention-nationale-du-conseil-representatif-des"
"135";"12/11/2021";"Discours du Premier ministre Jean Castex sur le 75e anniversaire de l'Unesco";"/discours/12534-discours-du-premier-ministre-jean-castex-sur-le-75e-anniversaire-de-l-unesco"
"136";"08/11/2021";"Discours de M. Jean Castex, Premier ministre en visite à la Maison d’accueil spécialisée La Source";"/discours/12529-discours-de-m-jean-castex-premier-ministre-en-visite-a-la-maison-d-accueil-specialisee-la-source"
"137";"08/11/2021";"Discours du Premier ministre Jean Castex - 88ème Congrès des maires de Haute-Savoie";"/discours/12528-discours-du-premier-ministre-jean-castex-88eme-congres-des-maires-de-haute-savoie"
"138";"08/11/2021";"Discours du Premier ministre Jean Castex - Comité stratégique de la Société du Grand Paris";"/discours/12526-discours-du-premier-ministre-jean-castex-comite-strategique-de-la-societe-du-grand-paris"
"139";"06/11/2021";"Discours du Premier ministre Jean Castex - 88ème Congrès des maires de Haute-Savoie";"/discours/12524-discours-du-premier-ministre-jean-castex-88eme-congres-des-maires-de-haute-savoie"
"140";"05/11/2021";"Discours du Premier ministre Jean Castex - Stratégie régionale des investissements du Ségur de la Santé en Occitanie";"/discours/12523-discours-du-premier-ministre-jean-castex-strategie-regionale-des-investissements-du-segur-de-la"
"141";"02/11/2021";"Discours du Premier ministre Jean Castex - Mission locale pour l'emploi des jeunes";"/discours/12514-mission-locale-pour-l-emploi-des-jeunes"
"142";"28/10/2021";"Discours du Premier ministre Jean Castex au Tribunal judiciaire de Lorient";"/discours/12513-discours-du-premier-ministre-jean-castex-au-tribunal-judiciaire-de-lorient"
"143";"19/10/2021";"Discours du Premier ministre Jean Castex au CHU de Dijon";"/discours/12500-discours-du-premier-ministre-jean-castex-au-chu-de-dijon-segur-de-la-sante"
"144";"18/10/2021";"100ème anniversaire du rétablissement des relations diplomatiques entre la France et le Saint-Siège";"/discours/12498-100eme-anniversaire-du-retablissement-des-relations-diplomatiques-entre-la-france-et-le-saint-siege"
"145";"16/10/2021";"Hommage à Samuel Paty";"/discours/12495-hommage-a-samuel-paty"
"146";"15/10/2021";"12ème Université des maires du Val d’Oise";"/discours/12494-12eme-universite-des-maires-du-val-d-oise"
"147";"08/10/2021";"Institut des Hautes études de Défense nationale (IHEDN)";"/discours/12491-institut-des-hautes-etudes-de-defense-nationale-ihedn"
"148";"08/10/2021";"Le numérique au service de l'innovation pédagogique et de l'égalité des chances";"/discours/12488-le-numerique-au-service-de-l-innovation-pedagogique-et-de-l-egalite-des-chances"
"149";"06/10/2021";"Résultats de l'appel à projets transports collectifs en site propre - Tourcoing";"/discours/12485-resultats-de-l-appel-a-projets-transports-collectifs-en-site-propre-tourcoing"
"150";"01/10/2021";"Signature d’un contrat de sécurité intégrée entre l’État et les villes de Rennes et de Saint-Jacques-de-la-Lande et Comité interministériel à la Ville";"/discours/12480-signature-d-un-contrat-de-securite-integree-entre-l-etat-et-les-villes-de-rennes-et-de-saint-jacques"
"151";"30/09/2021";"Discours de clôture de Jean Castex au 17ème Congrès de Régions de France, à Montpellier";"/discours/12478-discours-de-cloture-de-jean-castex-au-17eme-congres-de-regions-de-france-a-montpellier"
"152";"28/09/2021";"Discours de Jean Castex au congrès HLM de l'USH de Bordeaux";"/discours/12474-discours-de-jean-castex-au-congres-hlm-de-l-ush-de-bordeaux"
"153";"23/09/2021";"PLFSS 2022 : l’État s’engage pour le grand âge et l’autonomie";"/discours/12465-plfss-2022-l-etat-s-engage-pour-le-grand-age-et-l-autonomie"
"154";"21/09/2021";"Expérimentation de la recentralisation du financement du RSA en Seine-Saint-Denis";"/discours/12458-experimentation-de-la-recentralisation-du-financement-du-rsa-en-seine-saint-denis"
"155";"18/09/2021";"Journées européennes du patrimoine 2021";"/discours/12455-journees-europeennes-du-patrimoine-2021"
"156";"16/09/2021";"500 000ème MaPrimeRénov'";"/discours/12448-500-000eme-maprimerenov-discours-du-premier-ministre-jean-castex-a-chillu-mazarin-le-16-septembre"
"157";"14/09/2021";"Session plénière de rentrée du Conseil économique, social et environnemental";"/discours/12443-session-pleniere-de-rentree-du-conseil-economique-social-et-environnemental"
"158";"10/09/2021";"Journées nationales de France urbaine à Nantes";"/discours/12436-journees-nationales-de-france-urbaine-a-nantes"
"159";"08/09/2021";"Discours du Premier ministre, Jean Castex, à l'issue du compte rendu du Conseil des ministres et du séminaire gouvernemental";"/discours/12432-discours-du-premier-ministre-jean-castex-compte-rendu-du-conseil-des-ministres-et-du-seminaire"
"160";"06/09/2021";"Discours du Premier ministre Jean Castex - Conseil national de l'industrie";"/discours/12426-discours-du-premier-ministre-jean-castex-conseil-national-de-l-industrie"
"161";"31/08/2021";"Discours de Jean Castex, à la rencontre avec les ambassadeurs et les ambassadrices";"/discours/12420-discours-de-jean-castex-a-la-rencontre-avec-les-ambassadeurs-et-les-ambassadrices"
"162";"30/08/2021";"Discours du Premier ministre Jean Castex à Saint-Nazaire";"/discours/12419-discours-de-jean-castex-premier-ministre-a-saint-nazaire"
"163";"29/07/2021";"Discours du Premier ministre Jean Castex à Agen";"/discours/12402-discours-du-premier-ministre-jean-castex-a-agen"
"164";"26/07/2021";"Signature de la charte d’engagement du Territoire de sécurité urbain et rural";"/discours/12397-signature-de-la-charte-d-engagement-du-territoire-de-securite-urbain-et-rural"
"165";"16/07/2021";"Discours du Premier ministre Jean Castex à l’occasion de la Journée nationale en mémoire des victimes de crimes racistes et antisémites de l’Etat français et d’hommage aux Justes de France";"/discours/12380-discours-du-premier-ministre-jean-castex-a-l-occasion-de-la-journee-nationale-en-memoire-des"
"166";"15/07/2021";"Nice : discours de Jean Castex lors de la cérémonie d'hommage aux victimes de l'attentat du 14 juillet 2016";"/discours/12377-nice-discours-de-jean-castex-lors-de-la-ceremonie-d-hommage-aux-victimes-de-l-attentat-du-14-juillet"
"167";"09/07/2021";"Déclaration du Premier ministre Jean Castex à Saint-Brieuc";"/discours/12368-declaration-du-premier-ministre-jean-castex-a-saint-brieuc"
"168";"08/07/2021";"Convention managériale de l'État : discours de Jean Castex";"/discours/12366-convention-manageriale-de-l-etat-discours-de-jean-castex"
"169";"08/07/2021";"Congrès de villes de France";"/discours/12365-congres-de-villes-de-france"
"170";"05/07/2021";"Ouverture du Comité interministériel du Handicap";"/discours/12361-discours-du-premier-ministre-jean-castex-lors-de-l-ouverture-du-comite-interministeriel-du-handicap"
"171";"02/07/2021";"Déclaration du Premier ministre Jean Castex - Commémoration du 105e anniversaire de la bataille de Verdun";"/discours/12356-declaration-du-premier-ministre-jean-castex-commemoration-du-105e-anniversaire-de-la-bataille-de"
"172";"01/07/2021";"Service national universel au Centre de Jambville (Yvelines)";"/discours/12354-service-national-universel-au-centre-de-jambville-yvelines"
"173";"28/06/2021";"Discours du Premier ministre Jean Castex à l'Assemblée parlementaire franco-allemande, à l'Assemblée nationale";"/discours/12339-discours-du-premier-ministre-jean-castex-a-l-assemblee-parlementaire-franco-allemande-a-l-assemblee"
"174";"24/06/2021";"Discours du Premier ministre Jean Castex sur l'évolution de la situation sanitaire et le déploiement de la campagne vaccinale, à Mont-de-Marsan";"/discours/12338-discours-du-premier-ministre-jean-castex-sur-l-evolution-de-la-situation-sanitaire-et-le-deploiement"
"175";"23/06/2021";"Déclaration du Premier ministre Jean Castex relative à la loi de programmation militaire, au Sénat";"/discours/12336-declaration-du-premier-ministre-jean-castex-relative-a-la-loi-de-programmation-militaire-au-senat"
"176";"22/06/2021";"Déclaration de M. Jean Castex, Premier ministre, relative à la programmation militaire, au titre de l’article 50-1 de la Constitution";"/discours/12333-declaration-de-m-jean-castex-premier-ministre-relative-a-la-programmation-militaire-au-titre-de-l"
"177";"18/06/2021";"Discours du Premier ministre Jean Castex - Sessions nationales de l'IHEDN";"/discours/12329-discours-du-premier-ministre-jean-castex-sessions-nationales-de-l-ihedn"
"178";"16/06/2021";"Discours de M. Jean Castex, Premier ministre, à l’issue du conseil des ministres";"/discours/12328-discours-de-m-jean-castex-premier-ministre-a-l-issue-du-conseil-des-ministres"
"179";"05/06/2021";"Discours du Premier ministre Jean Castex sur le porte-avions Charles-de-Gaulle";"/discours/12318-discours-du-premier-ministre-jean-castex-sur-le-porte-avions-charles-de-gaulle"
"180";"03/06/2021";"Rencontre économique sur le thème du numérique à Tunis";"/discours/12314-rencontre-economique-sur-le-theme-du-numerique-a-tunis"
"181";"27/05/2021";"Lancement du plan Avenir montagnes";"/discours/12303-lancement-du-plan-avenir-montagnes"
"182";"20/05/2021";"Inauguration du train de nuit Paris-Nice : discours du Premier ministre, Jean Castex";"/discours/12295-inauguration-du-train-de-nuit-paris-nice-discours-du-premier-ministre-jean-castex"
"183";"11/05/2021";"Hommage national au policier Eric Masson";"/discours/12276-hommage-national-au-policier-eric-masson"
"184";"07/05/2021";"Présentation du plan Val-d'Oise : discours de Jean Castex, Premier ministre";"/discours/12265-presentation-du-plan-val-d-oise-discours-de-jean-castex-premier-ministre"
"185";"30/04/2021";"Cérémonie d'hommage national à Mme Stéphanie Monfermé";"/discours/12255-ceremonie-d-hommage-national-a-mme-stephanie-monferme"
"186";"28/04/2021";"Discours de M. Jean Castex, Premier ministre, à l’issue du Conseil des ministres";"/discours/12254-discours-de-m-jean-castex-premier-ministre-a-l-issue-du-conseil-des-ministres"
"187";"22/04/2021";"Discours de M. Jean Castex : conférence de presse sur les mesures contre la Covid-19";"/discours/12246-discours-de-m-jean-castex-conference-de-presse-sur-les-mesures-de-lutte-contre-la-covid-19"
"188";"20/04/2021";"Plan 15 000 - Centre pénitentiaire de Lutterbach";"/discours/12239-plan-15-000-centre-penitentiaire-de-lutterbach"
"189";"14/04/2021";"Organisation des prochaines élections régionales et départementales : discours du Premier ministre au Sénat";"/discours/12229-organisation-des-prochaines-elections-regionales-et-departementales-discours-du-premier-ministre-au"
"190";"13/04/2021";"Organisation des prochaines élections régionales et départementales : discours du Premier ministre à l'Assemblée nationale";"/discours/12222-organisation-des-prochaines-elections-regionales-et-departementales"
"191";"03/04/2021";"300 ans des brigades de la Gendarmerie nationale";"/discours/12215-300-ans-des-brigades-de-la-gendarmerie-nationale"
"192";"01/04/2021";"Déclaration du Gouvernement devant le Sénat relative à l'évolution de la situation sanitaire et aux mesures nécessaires pour y répondre";"/discours/12206-declaration-du-gouvernement-devant-le-senat-relative-a-l-evolution-de-la-situation-sanitaire-et-aux"
"193";"01/04/2021";"Déclaration du Premier ministre Jean Castex devant l’Assemblée Nationale";"/discours/12205-declaration-du-premier-ministre-jean-castex-devant-l-assemblee-nationale"
"194";"19/03/2021";"Discours de Jean Castex : conférence de presse sur les mesures contre la Covid-19";"/discours/12187-discours-de-jean-castex-conference-de-presse-sur-les-mesures-contre-la-covid-19"
"195";"15/03/2021";"Conférence du dialogue social";"/discours/12181-conference-du-dialogue-social"
"196";"09/03/2021";"Ségur de la Santé - Cosnes-Cours-sur-Loire";"/discours/12166-segur-de-la-sante-cosnes-cours-sur-loire"
"197";"27/07/2017";"Hommage à la députée Corinne ERHEL";"/discours/9385-hommage-a-la-deputee-corinne-erhel"
"198";"26/07/2017";"Discours de M. Edouard PHILIPPE au Conseil interministériel du Tourisme";"/discours/9381-discours-de-m-edouard-philippe-au-conseil-interministeriel-du-tourisme"
"199";"20/07/2017";"Discours d'ouverture des États généraux de l’alimentation";"/discours/9358-discours-d-ouverture-des-etats-generaux-de-l-alimentation"
"200";"17/07/2017";"Plan France médecine génomique 2025 : discours d'Édouard Philippe";"/discours/9345-plan-france-medecine-genomique-2025-discours-d-edouard-philippe"
"201";"17/07/2017";"Discours du Premier ministre lors de la Conférence nationale des territoires";"/discours/9342-discours-du-premier-ministre-lors-de-la-conference-nationale-des-territoires"
"202";"11/07/2017";"Discours d'Édouard Philippe au Forum Europlace";"/discours/9320-discours-du-premier-ministre-au-forum-europlace"
"203";"11/07/2017";"Discours d'ouverture de la conférence annuelle du Conseil Economique, Social et Environnemental";"/discours/9315-discours-d-ouverture-de-la-conference-annuelle-du-conseil-economique-social-et-environnemental"
"204";"05/07/2017";"Déclaration de politique générale du Premier ministre au Sénat";"/discours/9302-declaration-de-politique-generale-du-premier-ministre-au-senat"
"205";"04/07/2017";"Déclaration de politique générale du Premier ministre Édouard Philippe";"/discours/9296-declaration-de-politique-generale-du-premier-ministre-edouard-philippe"
"206";"03/07/2017";"Déclaration du Premier ministre à l'occasion du séminaire gouvernemental à Nancy";"/discours/9294-declaration-du-premier-ministre-a-l-occasion-du-seminaire-gouvernemental-a-nancy"
"207";"03/07/2017";"Discours lors de la visite à la prison Patarei (Estonie)";"/discours/9291-discours-lors-de-la-visite-a-la-prison-patarei-estonie"
"208";"29/06/2017";"Prise de parole du Premier ministre à l’issue de la remise de l’audit de la Cour des comptes";"/discours/9284-prise-de-parole-du-premier-ministre-a-l-issue-de-la-remise-de-l-audit-de-la-cour-des-comptes"
"209";"23/06/2017";"Discours au Salon du Bourget";"/discours/9266-discours-au-salon-du-bourget-vendredi-23-juin-2017"
"210";"19/06/2017";"Discours du Premier ministre à l'issue du second tour des élections législatives";"/discours/9247-discours-du-premier-ministre-a-l-issue-du-second-tour-des-elections-legislatives"
"211";"06/06/2017";"Discours du Premier ministre pour la présentation du programme de travail pour rénover notre modèle social";"/discours/9223-discours-du-premier-ministre-pour-la-presentation-du-programme-de-travail-pour-renover-notre-modele"
